<?xml version="1.0" encoding="utf-8"?>
<extension version="5.0" type="plugin" group="migration" method="upgrade">
    <name>plg_migration_json</name>
    <author>Rahul Singh</author>
    <creationDate>2025-06-20</creationDate>
    <copyright>(C) 2025 Open Source Matters, Inc.</copyright>
    <license>GNU General Public License version 2 or later; see LICENSE.txt</license>
    <version>1.0.0</version>
    <description>PLG_MIGRATION_JSON_XML_DESCRIPTION</description>
    <files>
        <filename plugin="json">json.php</filename>
        <folder>language</folder>
    </files>
</extension> 